id,title,description,content,category
1,Hello World Contract,A simple Solana smart contract that prints a message,"### Hello World Contract

**Concept**:
This is a basic Solana program that logs a "Hello World!!" message to the console when invoked. It demonstrates the foundational structure of a Solana smart contract.

**Code Example**:
```rust
use solana_program::{
    account_info::AccountInfo,
    entrypoint,
    entrypoint::ProgramResult,
    msg,
    pubkey::Pubkey,
};

entrypoint!(hello_world);

pub fn hello_world(
    _program_id: &Pubkey,
    accounts: &[AccountInfo],
    _instruction_data: &[u8],
) -> ProgramResult {
    msg!("Hello {:}!!", accounts[0].key);
    Ok(())
}
```

**Steps to Deploy**:
1. Write the program in Rust.
2. Build the program using `cargo build-bpf`.
3. Deploy to Devnet using `solana program deploy`.
4. Invoke using `solana program log`.

**Common Pitfalls**:
- Ensure the program ID matches the deployment.
- Verify account setup.

**Best Practices**:
- Use `msg!` for debugging during development.",Smart Contract Examples

2,Tic Tac Toe Contract,A multiplayer tic-tac-toe game smart contract,"### Tic Tac Toe Contract

**Concept**:
This contract manages the logic for a two-player tic-tac-toe game, including move validation and win/draw detection.

**Code Example**:
```rust
use borsh::{BorshDeserialize, BorshSerialize};
use solana_program::{
    account_info::AccountInfo,
    entrypoint,
    entrypoint::ProgramResult,
    msg,
    pubkey::Pubkey,
};

pub fn win_check(moves: [u32; 9]) -> u32 {
    // Logic to check for winning conditions
    let [m1, m2, m3, m4, m5, m6, m7, m8, m9] = moves;
    if (m1 == 1 && m2 == 1 && m3 == 1) || ... {
        return 1;
    } else if ... {
        return 2;
    } else if ... {
        return 3;
    } else {
        return 0;
    }
}

#[derive(BorshSerialize, BorshDeserialize, Debug)]
pub struct GameAccount {
    pub player1: String,
    pub player2: String,
    pub moves: [u32; 9],
    pub game_status: u32,
    pub next_move: u32,
}

entrypoint!(tic_tac_toe);

pub fn tic_tac_toe(
    _program_id: &Pubkey,
    accounts: &[AccountInfo],
    instruction_data: &[u8],
) -> ProgramResult {
    // Logic to initialize or update the game
    Ok(())
}
```

**Key Features**:
- Validates moves.
- Detects win, draw, or ongoing status.
- Stores game state in accounts.

**Best Practices**:
- Use Borsh for data serialization.
- Log game state for debugging.

**Common Pitfalls**:
- Ensure PDA matches players.
- Validate move indices.",Smart Contract Examples

3,Micro Blog Contract,A contract to manage microblogs,"### Micro Blog Contract

**Concept**:
This contract stores and tracks blog posts created by users. It uses accounts to store user-specific data.

**Code Example**:
```rust
use borsh::{BorshDeserialize, BorshSerialize};
use solana_program::{
    account_info::AccountInfo,
    entrypoint,
    entrypoint::ProgramResult,
    msg,
    program_error::ProgramError,
    pubkey::Pubkey,
};

#[derive(BorshSerialize, BorshDeserialize, Debug)]
pub struct BlogCount {
    pub total_blogs: u32,
}

entrypoint!(micro_blog);

pub fn micro_blog(
    program_id: &Pubkey,
    accounts: &[AccountInfo],
    instruction_data: &[u8],
) -> ProgramResult {
    let data = std::str::from_utf8(instruction_data)?;
    let account = &accounts[0];
    if account.owner != program_id {
        return Err(ProgramError::IncorrectProgramId);
    }
    let mut blog_counter = BlogCount::try_from_slice(&account.data.borrow())?;
    blog_counter.total_blogs += 1;
    blog_counter.serialize(&mut &mut account.data.borrow_mut()[..])?;
    msg!("Blog: {}", data);
    Ok(())
}
```

**Key Features**:
- Tracks total blogs created by a user.
- Uses accounts to store user data.

**Best Practices**:
- Validate ownership of accounts.
- Log blog content for visibility.

**Common Pitfalls**:
- Ensure sufficient account space.
- Handle UTF-8 encoding correctly.",Smart Contract Examples

4,NFT Candy Machine Contract,A contract for minting NFTs using Candy Machine,"### NFT Candy Machine Contract

**Concept**:
This program manages the minting of NFTs using Metaplex's Candy Machine. It supports batch minting and metadata handling.

**Code Example**:
```rust
use anchor_lang::prelude::*;

#[program]
pub mod candy_machine_core {
    use super::*;

    pub fn initialize(ctx: Context<Initialize>, data: CandyMachineData) -> Result<()> {
        instructions::initialize(ctx, data)
    }

    pub fn mint<'info>(ctx: Context<'_, '_, '_, 'info, Mint<'info>>) -> Result<()> {
        instructions::mint(ctx)
    }
}
```

**Features**:
- Manages NFT metadata.
- Handles minting authority.

**Best Practices**:
- Follow Metaplex standards.
- Validate all configurations.

**Common Pitfalls**:
- Incorrect PDA initialization.
- Misconfigured mint authority.",NFT Smart Contracts

5,Escrow Contract,Enabling secure transactions through an escrow mechanism,"### Escrow Contract

**Concept**:
This contract facilitates secure transactions between two parties by introducing an escrow account that holds funds until both parties fulfill their obligations.

**Code Example**:
```rust
use borsh::{BorshDeserialize, BorshSerialize};
use solana_program::{
    account_info::AccountInfo,
    entrypoint,
    entrypoint::ProgramResult,
    msg,
    pubkey::Pubkey,
    program_error::ProgramError,
};

#[derive(BorshSerialize, BorshDeserialize, Debug)]
pub struct EscrowAccount {
    pub initializer: Pubkey,
    pub taker: Option<Pubkey>,
    pub amount: u64,
}

entrypoint!(escrow_program);

pub fn escrow_program(
    program_id: &Pubkey,
    accounts: &[AccountInfo],
    instruction_data: &[u8],
) -> ProgramResult {
    let escrow_account = &accounts[0];
    let initializer = accounts[1].key;
    let taker = accounts.get(2).map(|acc| acc.key.clone());
    let amount: u64 = u64::from_le_bytes(instruction_data.try_into()?);

    let mut escrow_data = EscrowAccount {
        initializer: *initializer,
        taker,
        amount,
    };

    escrow_data.serialize(&mut &mut escrow_account.data.borrow_mut()[..])?;
    msg!("Escrow created by: {}", initializer);
    Ok(())
}
```

**Key Features**:
- Creates an escrow account.
- Holds funds securely until transaction completion.
- Validates conditions for fund release.

**Best Practices**:
- Use program-derived addresses (PDAs) for account management.
- Log transaction details for transparency.

**Common Pitfalls**:
- Ensure account ownership validations.
- Handle errors gracefully if conditions are not met.",Smart Contract Examples

6,Token Vesting Contract,Managing token distributions over time,"### Token Vesting Contract

**Concept**:
This contract manages token distributions based on vesting schedules, ensuring recipients receive their tokens in periodic increments.

**Code Example**:
```rust
use borsh::{BorshDeserialize, BorshSerialize};
use solana_program::{
    account_info::AccountInfo,
    entrypoint,
    entrypoint::ProgramResult,
    msg,
    pubkey::Pubkey,
};

#[derive(BorshSerialize, BorshDeserialize, Debug)]
pub struct VestingSchedule {
    pub beneficiary: Pubkey,
    pub total_amount: u64,
    pub released_amount: u64,
    pub start_time: u64,
    pub cliff_duration: u64,
    pub vesting_duration: u64,
}

entrypoint!(vesting_program);

pub fn vesting_program(
    _program_id: &Pubkey,
    accounts: &[AccountInfo],
    instruction_data: &[u8],
) -> ProgramResult {
    let vesting_account = &accounts[0];
    let beneficiary = accounts[1].key;
    let total_amount: u64 = u64::from_le_bytes(instruction_data[..8].try_into()?);

    let vesting_schedule = VestingSchedule {
        beneficiary: *beneficiary,
        total_amount,
        released_amount: 0,
        start_time: 123456789, // Placeholder for example
        cliff_duration: 3600,  // 1 hour
        vesting_duration: 86400, // 1 day
    };

    vesting_schedule.serialize(&mut &mut vesting_account.data.borrow_mut()[..])?;
    msg!("Vesting schedule created for: {}", beneficiary);
    Ok(())
}
```

**Key Features**:
- Defines a vesting schedule with cliff and duration.
- Tracks released and remaining tokens.
- Supports automated vesting calculations.

**Best Practices**:
- Use precise timestamps to avoid discrepancies.
- Validate all input parameters.

**Common Pitfalls**:
- Ensure sufficient account space for data storage.
- Handle edge cases for early termination or incomplete schedules.",Smart Contract Examples

Getting Started with Solana Playground,A guide to setting up Solana Playground for development,"### Getting Started with Solana Playground

**Concept**:
Solana Playground is an online integrated development environment (IDE) for developing, deploying, and testing Solana smart contracts. It simplifies blockchain development by providing built-in tools like a testing framework, debugging utilities, and deployment mechanisms.

**Steps**:
1. **Accessing Solana Playground**:
   - Open your browser and navigate to [playground.solana.com](https://playground.solana.com).
   - Create an account or log in with your existing credentials.

2. **Setting up a Project**:
   - Click "New Project" and choose between Rust or TypeScript templates.
   - Customize your project structure as needed.

3. **Configuring Networks**:
   - Use the network dropdown to switch between Devnet, Testnet, and Mainnet.

4. **Familiarizing with the Interface**:
   - Explore the file explorer, terminal, and editor.
   - Review the "Help" section for keyboard shortcuts and UI tips.

**Common Pitfalls**:
- Ensure the correct network is selected for testing.
- Verify that wallet and account connections are configured.

**Best Practices**:
- Always test on Devnet before deploying to Mainnet.

**Troubleshooting Tips**:
- If the IDE becomes unresponsive, clear your browser cache or try restarting the project.",Playground Basics

6,Understanding Solana Blockchain Architecture,A foundational guide to Solana's blockchain architecture,"### Solana Blockchain Architecture

**Concept**:
Solana is a high-performance blockchain designed for decentralized applications. It achieves scalability through unique innovations like Proof of History (PoH) and a parallel transaction processing engine.

**Key Features**:
1. **Proof of History (PoH)**:
   - A cryptographic clock that orders transactions without requiring global consensus.

2. **Tower BFT**:
   - A Byzantine Fault Tolerance mechanism optimized for PoH.

3. **Parallel Transaction Processing**:
   - Solana uses a model of parallel transaction execution, leveraging its account-based architecture.

**Code Example**:
```rust
// A simple transaction submission
let transaction = Transaction::new_signed_with_payer(
    &[instruction],
    Some(&payer.pubkey()),
    &[&payer],
    recent_blockhash,
);
client.send_and_confirm_transaction(&transaction)?;
```

**Best Practices**:
- Familiarize yourself with PoH and Tower BFT concepts to optimize smart contract development.

**Common Pitfalls**:
- Misunderstanding the difference between slots and epochs can lead to incorrect assumptions about transaction finality.",Solana Development Basics
